category,query,link
contract,"""договір купівлі продажу"" filetype:pdf",https://app-journal.in.ua/wp-content/uploads/2023/05/23.pdf
contract,"""договір купівлі продажу"" filetype:pdf",https://e-forest.gov.ua/wp-content/uploads/2026/03/Kupivlia-prodazh-derevyny.-Pryiednannia.pdf
contract,"""договір купівлі продажу"" filetype:pdf",https://pdfexpert.com/bill-sale-form-template
contract,"""договір купівлі продажу"" filetype:pdf",https://kyivaudit.gov.ua/vr/ka/cabinet.nsf/0/2A0855E2F86B3DF1C225831B00431254/$file/Договір.pdf
contract,"""договір купівлі продажу"" filetype:pdf",http://nkkep.com/wp-content/uploads/2020/12/9.12-TSSP-P-3132.pdf
contract,"""договір купівлі продажу"" filetype:pdf",https://www.victorija.ua/blanki-ta-formi-dokumentiv/dohovir-kupivli-prodazhu.html?print=pdf
contract,"""договір купівлі продажу"" filetype:pdf",https://uristinfo.net/zrazki-dogovoriv/142-kupivlja-prodazh/3729-dogovir-kupivli-prodazhu-1.pdf
contract,"""договір поставки"" ""підпис"" filetype:pdf",https://www.prostir.ua/wp-content/uploads/2024/01/Three-Party-Agreement-Template.pdf
contract,"""договір поставки"" ""підпис"" filetype:pdf",https://ednannia.ua/attachments/article/12885/Додаток+5.pdf
contract,"""договір поставки"" ""підпис"" filetype:pdf",https://www.upakovka.com.ua/images/download/dogovor.pdf
contract,"""договір поставки"" ""підпис"" filetype:pdf",https://www.krruda.dp.ua/wp-content/uploads/2018/12/postavki.pdf
contract,"""договір поставки"" ""підпис"" filetype:pdf",https://bdr.com.ua/static/delivery_contract.pdf
contract,"""договір поставки"" ""підпис"" filetype:pdf",https://lozovagromada.gov.ua/storage/documents/attachments/ff4002c345cf593a5ca4c9f545e98be0.pdf
contract,"""договір поставки"" ""підпис"" filetype:pdf",https://er.knutd.edu.ua/bitstream/123456789/26590/1/20240517_304.pdf
contract,"""договір поставки"" ""підпис"" filetype:pdf",https://grainpower.ua/wp-content/uploads/2026/01/contract_gp_cpt_with-eds-29_10_2025-1.pdf
contract,"""договір поставки"" ""підпис"" filetype:pdf",https://utr.ua/userfiles/file/utr/dogovor_postavki_2025.pdf
contract,"""договір поставки"" ""підпис"" filetype:pdf",https://smc.co.ua/wp-content/uploads/2026/01/dohovir_postavky_smk_prodavets.pdf
contract,"""договір поставки"" ""підпис"" filetype:pdf",https://novus.ua/media/downloadable/dogovor-na-postavku.pdf
contract,"""договір поставки"" ""підпис"" filetype:pdf",https://shlifarb.com.ua/upload/uf/34d/Договор+Поставки++Шліфарб+Деко+(Lex+Force).pdf
contract,"""договір поставки"" ""підпис"" filetype:pdf",https://www.krruda.dp.ua/contract/postavka_vykonannya_robit.pdf
contract,"""договір поставки"" ""підпис"" filetype:pdf",https://e-forest.gov.ua/wp-content/uploads/2025/11/Prymirnyj-proiekt-Dohovoru.pdf
contract,"""договір поставки"" ""підпис"" filetype:pdf",https://karavan.net.ua/print/contract.pdf
contract,"""договір надання послуг"" ""сторони"" filetype:pdf",https://marinesko.org.ua/images/content/plagiat_2025.pdf
contract,"""договір надання послуг"" ""сторони"" filetype:pdf",https://nam.kyiv.ua/files/pdf/dohovir-strike-pl-national-academy-of-management-(1).pdf
contract,"""договір надання послуг"" ""сторони"" filetype:pdf",https://er.knutd.edu.ua/bitstream/123456789/14718/2/Telestakova_PRVNP_NP.pdf
contract,"""договір надання послуг"" ""сторони"" filetype:pdf",https://waymaps.ua/wp-content/uploads/2019/02/Зразок-Договору-ТОВ-ВМ-моніторинг.pdf
contract,"""договір надання послуг"" ""сторони"" filetype:pdf",https://www.pdau.edu.ua/sites/default/files/node/9855/dogovirstrikeplagiarism.pdf
contract,"""договір надання послуг"" ""сторони"" filetype:pdf",https://kmaecm.edu.ua/wp-content/uploads/dogovir-pro-nadannya-poslug-z-tov-plagiat.pdf
contract,"""договір надання послуг"" ""сторони"" filetype:pdf",https://www.znu.edu.ua/pidrozdily/viddil_monitoryngu/doc/StrikePlagiarism_com_dogov__r_452_25.pdf
contract,"""договір надання послуг"" ""сторони"" filetype:pdf",https://mudrasprava.fund/pub/files/service_agreement_entrep_draft.pdf
contract,"""договір надання послуг"" ""сторони"" filetype:pdf",https://inconsulting.com.ua/docs/dogovor_00-00-00-1.pdf
contract,"""договір надання послуг"" ""сторони"" filetype:pdf",https://nipo.gov.ua/wp-content/uploads/2024/04/publichnyi-dohovir-FO.pdf
contract,"""договір надання послуг"" ""сторони"" filetype:pdf",https://pasport.org.ua/files/Publichnyy-dohovir-pro-nadannia-posluh.pdf
contract,"""договір надання послуг"" ""сторони"" filetype:pdf",https://zrazki-documentiv.com.ua/wp-content/uploads/2025/01/dogovir-pro-nadannya-yurydychnyh-poslug-tov-mizh-fop.pdf
contract,"""договір оренди"" ""підпис"" filetype:pdf",https://advocate-neroda.com.ua/wp-content/uploads/2024/02/zrazok-dogovoru-orendy-zhytla.pdf
contract,"""договір оренди"" ""підпис"" filetype:pdf",https://www.spfu.gov.ua/userfiles/files/ТИПОВИЙДОбюджетний.pdf
contract,"""договір оренди"" ""підпис"" filetype:pdf",https://novarent.ua/wp-content/uploads/dogovir-orendi-novarent-2023.pdf
contract,"""договір оренди"" ""підпис"" filetype:pdf",https://adalet.com.ua/Zrazok/Договір-оренди-нерухомості.pdf
contract,"""договір оренди"" ""підпис"" filetype:pdf",https://prostodom.ua/Content/documents/Договор-аренды-квартиры.pdf
contract,"""договір оренди"" ""підпис"" filetype:pdf",https://zhelezzo.ua/uploader/rent_doc1.pdf?srsltid=AfmBOopotz_Igjr4cJL7H3Nngec0sIZ7_k1wtxn_5L5un5A2qo1Vyk7y
contract,"""договір оренди"" ""підпис"" filetype:pdf",https://vntu.edu.ua/uploads/2024/rent_2349.pdf
contract,"""договір оренди"" ""підпис"" filetype:pdf",https://komora4you.com/docs/dogovir_orendy.pdf
contract,"""договір оренди"" ""підпис"" filetype:pdf",https://mudrasprava.fund/pub/files/property_lease_agreement_draft.pdf
contract,"""договір оренди"" ""підпис"" filetype:pdf",https://mudrasprava.fund/pub/files/car_lease_agreement_draft.pdf
contract,"""договір оренди"" ""підпис"" filetype:pdf",https://www.eximb.com/assets/files/download/forma-dogovory-orendy-zemli.pdf
contract,"""договір оренди"" ""підпис"" filetype:pdf",https://cdn.riastatic.com/docs/dom/support/d/fa/8d2559868eae5004089439cf69257.pdf
contract,"""договір оренди"" ""підпис"" filetype:pdf",https://sofotg.gov.ua/storage/documents/attachments/dde7e76fe17539c0082c7d082a1f0fe6.pdf
contract,"""договір оренди"" ""підпис"" filetype:pdf",https://www.spfu.gov.ua/userfiles/files/Типовий+договір+оренди+із+бюджетною+установою.pdf
contract,"""договір оренди"" ""підпис"" filetype:pdf",https://orenda.gov.ua/wp-content/uploads/2022/10/unknown-2.pdf
contract,"""договір оренди"" ""підпис"" filetype:pdf",https://ipc.gov.cz/wp-content/uploads/2024/02/Doklad-o-zajisteni-ubytovani_UA.pdf
contract,"""договір оренди"" ""підпис"" filetype:pdf",https://www.mk-oblrada.gov.ua/UserFiles/Image/REG_AKT/dod211021.pdf
contract,"""договір оренди"" ""підпис"" filetype:pdf",https://www.spfu.gov.ua/userfiles/files/KEP_onovl.pdf
contract,"""договір оренди"" ""підпис"" filetype:pdf",https://orenda.gov.ua/wp-content/uploads/2022/06/instruktsiia-do-doruchennia-_4.5-.pdf
contract,"""акт приймання передачі"" filetype:pdf",https://turbota.mil.gov.ua/wp-content/uploads/2024/11/dodatok-23-akt-pryjmannya-peredachi-osnovnyh-zasobiv.pdf
contract,"""акт приймання передачі"" filetype:pdf",https://knu.ua/pdfs/official/acts/akt-pryjmannya-peredachi-osnovnyh-zasobiv.pdf
contract,"""акт приймання передачі"" filetype:pdf",https://www.datagroup.ua/storage/editor/files/akt-priymannya-peredachi-obladnannya.pdf
contract,"""акт приймання передачі"" filetype:pdf",https://kyiv.asnu.net/files/xinha/ALLA1/DOGOVORA/2025/21.____________________________________________________________.pdf
contract,"""акт приймання передачі"" filetype:pdf",https://eefund.org.ua/wp-content/uploads/2023/06/zrazok-akta-nadanykh-posluh-z-fop.pdf
contract,"""акт приймання передачі"" filetype:pdf",https://vinertelecom.ua/docs/gact.pdf
contract,"""акт приймання передачі"" filetype:pdf",https://decentralization.ua/uploads/attachment/document/1199/Додаток_7_Поради_щодо_оформлення_актів_приймання_допомоги_та_їх_зразки.pdf
contract,"""акт приймання передачі"" filetype:pdf",http://genich-rada.gov.ua/wp-content/uploads/2021/08/akt_sokologirne.pdf
contract,"""акт приймання передачі"" filetype:pdf",https://limnet.com.ua/wp-content/uploads/2026/03/Акт_приймання-передачі_обладнання_ТОВ_ЛІМНЕТ.pdf
contract,"""акт приймання передачі"" filetype:pdf",https://komora4you.com/wp-content/uploads/2023/05/Akt_Pryimannya_Peredachi.pdf
contract,"""акт приймання передачі"" filetype:pdf",https://mudrasprava.fund/pub/files/akt_pro_peredachy_humdopomogu_mizh_otrymuvachem_ta_nabuvachem.pdf
contract,"""акт приймання передачі"" filetype:pdf",https://c.furgonetka.pl/public.furgonetka.pl/media_help/Protokol_szkody_Nova_Poshta.pdf
contract,"""додаткова угода"" ""підпис"" filetype:pdf",https://nateco.com.ua/files/dodatkova-uhoda-pro-elektronyi-obih.pdf
contract,"""додаткова угода"" ""підпис"" filetype:pdf",https://bizpozyka.com/wp-content/uploads/2025/08/Dodatkova-ugoda-dokredytuvannya.pdf
contract,"""додаткова угода"" ""підпис"" filetype:pdf",https://energy.volyn.ua/spozhyvacham/servisy/!files/Додаткова+угода+Особистий+кабінет.pdf
contract,"""додаткова угода"" ""підпис"" filetype:pdf",https://ksada.org/wp-content/uploads/2024/08/dodatkova_ugoda_2024_indeksacziya_v2.pdf
contract,"""додаткова угода"" ""підпис"" filetype:pdf",https://children.gov.ua/sites/default/files/2025-05/підпис+2025.pdf
contract,"""додаткова угода"" ""підпис"" filetype:pdf",https://elektro.volyn.ua/main/files/medoc.pdf
contract,"""додаткова угода"" ""підпис"" filetype:pdf",http://express-mail.net/modules/files/docs/dodatok_edo.pdf
contract,"""додаткова угода"" ""підпис"" filetype:pdf",https://www.datagroup.ua/storage/editor/files/dodatkova-ugoda-do-dogovoru-pro-nadannya-elektronnikh-komunikatsiynikh-poslug.pdf
contract,"""додаткова угода"" ""підпис"" filetype:pdf",http://nateco.com.ua/files/dodatkova-uhoda-pro-elektronyi-obih.pdf
contract,"""додаткова угода"" ""підпис"" filetype:pdf",https://www.ztoek.com.ua/wp-content/uploads/2020/07/zhoek-dod.ugoda-zgoda-na-elektronnyj-rahunok-1.pdf
contract,"""додаткова угода"" ""підпис"" filetype:pdf",https://edo.linkos.ua/files/uploads/doc-example-4.pdf
contract,"""додаткова угода"" ""підпис"" filetype:pdf",https://je.com.ua/uploads/0/683-je_du_na_vikoritanna_ecp_pg.pdf
contract,"""додаткова угода"" ""підпис"" filetype:pdf",https://kievmedpreparat.com/files/ugoda/Uhoda-pro-pryiednannia-elektronnoho-dokumentoobihu-Kyivmedpreparat.pdf
contract,"""додаткова угода"" ""підпис"" filetype:pdf",https://raiffeisen.ua/storage/files/dod.pdf
contract,"""додаткова угода"" ""підпис"" filetype:pdf",https://an-softloft.com/docs/dodatkova-ugoda.pdf
contract,"""додаткова угода"" ""підпис"" filetype:pdf",https://www.ubrr.com.ua/files/dodatkova_ugoda_2026.pdf
financial_environmental_report,"""оголошення"" ""оцінки впливу на довкілля"" filetype:pdf",https://adm.dp.gov.ua/storage/app/uploads/public/606/2ce/834/6062ce8345673697817029.pdf
financial_environmental_report,"""оголошення"" ""оцінки впливу на довкілля"" filetype:pdf",https://toolkit.in.ua/files/442/upload/Міндовкілля_Псих_Оголошення.pdf
financial_environmental_report,"""оголошення"" ""оцінки впливу на довкілля"" filetype:pdf",https://kharkivoda.gov.ua/content/documents/1083/108205/Attaches/ogoloshennya_tov_greyn_202010286832.pdf
financial_environmental_report,"""оголошення"" ""оцінки впливу на довкілля"" filetype:pdf",https://mepr.gov.ua/wp-content/uploads/2024/01/Rozyasnennya-Subyektam-gospodaryuvannya.pdf
financial_environmental_report,"""оголошення"" ""оцінки впливу на довкілля"" filetype:pdf",https://www.mvk.if.ua/uploads/files/55028.pdf
financial_environmental_report,"""оголошення"" ""оцінки впливу на довкілля"" filetype:pdf",http://elar.kpnu.edu.ua:8081/xmlui/bitstream/handle/123456789/7913/Otsinka-vplyvu-na-dovkillia-Konspekt-lektsii.pdf?sequence=3
financial_environmental_report,"""оголошення"" ""оцінки впливу на довкілля"" filetype:pdf",https://epl.org.ua/wp-content/uploads/2019/07/OVD_kejsy_analit_10.07.19-1.pdf
financial_environmental_report,"""оголошення"" ""оцінки впливу на довкілля"" filetype:pdf",http://pkpts.com.ua/оголошення_ПКП_Тепломережi.pdf
financial_environmental_report,"""оголошення"" ""оцінки впливу на довкілля"" filetype:pdf",https://kolrada.gov.ua/storage/files/shares/Оголошення/Повідомлення+ОВД.pdf
financial_environmental_report,"""оголошення"" ""оцінки впливу на довкілля"" filetype:pdf",https://aprei.com.ua/wp-content/uploads/2021/11/Melnyk-O.S.-Oczinka-vplyvu-na-dovkillya_fragment.pdf
financial_environmental_report,"""оголошення"" ""оцінки впливу на довкілля"" filetype:pdf",https://omr.gov.ua/Files/2026/Ekolog_vykydy/Obgovorennya/ogoloshennya_ovd.pdf
financial_environmental_report,"""оголошення"" ""оцінки впливу на довкілля"" filetype:pdf",https://vysh.gov.ua/wp-content/uploads/2026/04/getDocument.pdf
financial_environmental_report,"""оголошення"" ""оцінки впливу на довкілля"" filetype:pdf",https://www.vyshgorod-mrada.gov.ua/wp-content/uploads/2026/02/ogoloshennya-pro-pochatok-gromadskogo-obgovorennya.pdf
financial_environmental_report,"""оголошення"" ""оцінки впливу на довкілля"" filetype:pdf",https://krr-ec-cdnen02.azureedge.net/www-static/2026/04/Oholoshennia-pro-pochatok-HO-Zvitu-OVD-Rekultyvatsiia-khv-shcha-TSentralne.pdf
financial_environmental_report,"""оголошення"" ""оцінки впливу на довкілля"" filetype:pdf",https://www.polsr.gov.ua/wp-content/uploads/2026/04/ogoloshennya_ovd.pdf
financial_environmental_report,"""оголошення"" ""оцінки впливу на довкілля"" filetype:pdf",https://potoky.com.ua/wp-content/uploads/2026/04/Oholoshennia-OVD.pdf
financial_environmental_report,"""оголошення"" ""оцінки впливу на довкілля"" filetype:pdf",https://www.chernigiv-rada.gov.ua/storage/files/03/21/05/12/26c3322a94780d733fa0e70fb0bd6a87.pdf
financial_environmental_report,"""оголошення"" ""оцінки впливу на довкілля"" filetype:pdf",http://r-pol.ck.ua/wp-content/uploads/2020/06/оголошення-автогазінвест-1.pdf
financial_environmental_report,"""звіт з оцінки впливу на довкілля"" ""громадське обговорення"" filetype:pdf",https://www.adm-km.gov.ua/wp-content/uploads/2020/08/Кудрянка.pdf
financial_environmental_report,"""звіт з оцінки впливу на довкілля"" ""громадське обговорення"" filetype:pdf",https://www.emgroup.com.ua/upload/blog/items/e/e74f36af7bbccd08a90558ef51da.pdf
financial_environmental_report,"""звіт з оцінки впливу на довкілля"" ""громадське обговорення"" filetype:pdf",https://dprda.dp.gov.ua/storage/app/sites/151/приклад/+про+початок+громадського+обговорення+звіту+з+оцінки+впливу+на+довкілля+ТОВ+Вторинні+ресурси.pdf
financial_environmental_report,"""звіт з оцінки впливу на довкілля"" ""громадське обговорення"" filetype:pdf",https://eco.cg.gov.ua/web_docs/2145/2019/02/docs/Звіт+про+громадське+обговорення_суглинки_2019533552.pdf
financial_environmental_report,"""звіт з оцінки впливу на довкілля"" ""громадське обговорення"" filetype:pdf",https://mepr.gov.ua/wp-content/uploads/2022/09/EPL_OVD_posibnuk_Net.pdf
financial_environmental_report,"""звіт з оцінки впливу на довкілля"" ""громадське обговорення"" filetype:pdf",https://toolkit.in.ua/files/442/upload/Мокрянський+кар'єр№3+звіт+оцінки+впливу.pdf
financial_environmental_report,"""звіт з оцінки впливу на довкілля"" ""громадське обговорення"" filetype:pdf",http://eia.menr.gov.ua/uploads/documents/8818/reports/Kk7uOnVYzm.pdf
financial_environmental_report,"""звіт з оцінки впливу на довкілля"" ""громадське обговорення"" filetype:pdf",https://new.bc-rada.gov.ua/typy_materialiv/vazhlyva_informatsiia/oholoshennia_ta_povidomlennia/vysnovok_z_otsinky_vplyvu_na_dovkillia_shchodo_planovanoi_diialnosti_zdiisnennia_operatsii_z_obroblennia_vidkhodiv_humy_z_metoiu_vyrobnytstva_humo-tekhnichnykh_vyrobiv_na_prommaidanchyku_tov__shynnyk____za_adresoiu__m__bila_tserkva_kyivskoi_oblasti_po_vul/190890.pdf
financial_environmental_report,"""звіт з оцінки впливу на довкілля"" ""громадське обговорення"" filetype:pdf",https://kalushrda.gov.ua/images/news/Files/ОГОЛОШЕННЯ+про+початок+громадського+обговорення+звіту+з+оцінки+впливу+на+довкілля.pdf
financial_environmental_report,"""звіт з оцінки впливу на довкілля"" ""громадське обговорення"" filetype:pdf",https://myrgorod.pl.ua/files/images/News/2026/04/16/02/ogoloshennya_ovd.pdf
financial_environmental_report,"""екологічна інформація"" ""планована діяльність"" filetype:pdf",https://adm.dp.gov.ua/storage/app/uploads/public/606/339/7ea/6063397eaa9cb237827292.pdf
financial_environmental_report,"""екологічна інформація"" ""планована діяльність"" filetype:pdf",https://visnyk-juris-uzhnu.com/wp-content/uploads/2025/11/35-1.pdf
financial_environmental_report,"""екологічна інформація"" ""планована діяльність"" filetype:pdf",https://cleanair.org.ua/wp-content/uploads/2020/12/cleanair.org.ua-2020-02-ambrosova-participation.pdf
financial_environmental_report,"""екологічна інформація"" ""планована діяльність"" filetype:pdf",https://odrda.od.gov.ua/wp-content/uploads/2026/01/ogoloshennya_ovd-11663.pdf
financial_environmental_report,"""екологічна інформація"" ""планована діяльність"" filetype:pdf",https://ukraine-oss.com/wp-content/uploads/2025/05/shho-potribno-znaty-pro-ovd-oczinka-vplyvu-na-dovkillya.pdf
financial_environmental_report,"""екологічна інформація"" ""планована діяльність"" filetype:pdf",https://eco.cg.gov.ua/web_docs/2145/2019/02/docs/ogoloshennya_ovd+(25).pdf
financial_environmental_report,"""екологічна інформація"" ""планована діяльність"" filetype:pdf",https://www.kremen.gov.ua/assets/uploads/files/4461db492ac1a4120217e6131451f836ae07df9epp_fIshgud_-_ogoloshennya_pro_pochatok_gromadskogo_obgovorennya_zvitu_z_ovd.pdf
financial_environmental_report,"""екологічна інформація"" ""планована діяльність"" filetype:pdf",https://omr.gov.ua/Files/2025/Ekolog_vykydy/obgovorennia/Green_port_13_06.pdf
financial_environmental_report,"""екологічна інформація"" ""планована діяльність"" filetype:pdf",https://nadrda.gov.ua/wp-content/uploads/2026/04/ogoloshennya_ovd.pdf
financial_environmental_report,"""екологічна інформація"" ""планована діяльність"" filetype:pdf",https://dim.smr.gov.ua/wp-content/uploads/2020/10/ОГОЛОШЕННЯ_КНС-9.pdf
financial_environmental_report,"""екологічна інформація"" ""планована діяльність"" filetype:pdf",https://kharkivoda.gov.ua/content/documents/952/95181/Attaches/tov_firma_brig_ogoloshennya.pdf
financial_environmental_report,"""екологічна інформація"" ""планована діяльність"" filetype:pdf",https://krr-ec-cdnen02.azureedge.net/www-static/2023/01/Announcement_20200519.pdf
financial_environmental_report,"""екологічна інформація"" ""планована діяльність"" filetype:pdf",https://eia.menr.gov.ua/uploads/documents/1379/reports/8db11607cf045b37b892ad1b5ad6a69f.pdf
financial_environmental_report,"""екологічна інформація"" ""планована діяльність"" filetype:pdf",https://srvk.gov.ua/ua/osxfile/pg/70920393274951_n_1o/612987091.pdf
financial_environmental_report,"""екологічна інформація"" ""планована діяльність"" filetype:pdf",https://km-oblrada.gov.ua/wp-content/uploads/2019/01/Ogoloshennya-pro-pochatok-gromadskogo-obgovorennya_KH3-KH4_15.01.2019-1-converted.pdf
financial_environmental_report,"""фінансовий звіт"" ""Україна"" filetype:pdf",https://www.nestle.ua/sites/g/files/pydnoa316/files/2024-07/ТОВ+Нестле+Україна_Фінансова+звітність+за+2023рік+зі+звітом+незалежного+аудитора.pdf
financial_environmental_report,"""фінансовий звіт"" ""Україна"" filetype:pdf",https://assets.kpmg.com/content/dam/kpmgsites/ua/pdf/2025/12/audytorskyy-zvit-za-2023-rik-kpmg-ukraine.pdf
financial_environmental_report,"""фінансовий звіт"" ""Україна"" filetype:pdf",https://static.novaposhta.ua/sitecard/misc/doc/Консолідована+фінансова+звітність+2023.pdf
financial_environmental_report,"""фінансовий звіт"" ""Україна"" filetype:pdf",https://finukr.org.ua/docs/FU_22_10_103_uk.pdf
financial_environmental_report,"""фінансовий звіт"" ""Україна"" filetype:pdf",https://financial.lnu.edu.ua/wp-content/uploads/2015/10/Фінансова-звітність-посібник-лекції.pdf
financial_environmental_report,"""фінансовий звіт"" ""Україна"" filetype:pdf",https://20123093.emitent.net.ua/site_files/3205/Finansova-zvitnist-maloho-pidpryyemstva2021_68beeea235efc.pdf
financial_environmental_report,"""фінансовий звіт"" ""Україна"" filetype:pdf",https://kispp.com/wp-content/uploads/2026/01/Фінансовий-звіт-за-2021-рік-.pdf
financial_environmental_report,"""фінансовий звіт"" ""Україна"" filetype:pdf",https://starenki.com.ua/wp-content/uploads/2024/03/fin_zvit_9_misyacziv_2018.pdf
financial_environmental_report,"""фінансовий звіт"" ""Україна"" filetype:pdf",https://mof.gov.ua/storage/files/Звіт_Об`єднані+результатами_2023_ПриватБанк+(1).pdf
financial_environmental_report,"""фінансовий звіт"" ""Україна"" filetype:pdf",https://fbank.com.ua/doc/2024/fin_zvit_2024.pdf
financial_environmental_report,"""фінансовий звіт"" ""Україна"" filetype:pdf",https://ua.met.com/media/i1tdtuy5/met-ukraine-llc-fs-bs-2021-1.pdf
financial_environmental_report,"""фінансовий звіт"" ""Україна"" filetype:pdf",http://pmguinfo.dp.ua/images/documents/korp_otnosheniya/poleznie_publikacii/5_analiz_fin_otchetnosti.pdf
financial_environmental_report,"""фінансовий звіт"" ""Україна"" filetype:pdf",https://site-assets.novapost.com/7c3a6fb4-89be-417b-918e-c55da1a31d23.pdf
financial_environmental_report,"""фінансовий звіт"" ""Україна"" filetype:pdf",https://ciklum.com.ua/Ciklum_Ukraine_FS_2023.pdf
financial_environmental_report,"""фінансовий звіт"" ""Україна"" filetype:pdf",https://uniqa.ua/storage/public-info/reports/Finannsova_zvitnist_UNIQA_2024.pdf
financial_environmental_report,"""фінансовий звіт"" ""Україна"" filetype:pdf",https://www.pzu.com.ua/admin/upload/2025/PZU_Nonlife_FS.pdf
financial_environmental_report,"""річний фінансовий звіт"" ""Україна"" filetype:pdf",https://api-site.grdn.com.ua/storage/uploads/report/ricnii-finansovii-zvit-ta-zvit-nezaleznogo-auditora-za-2024-rik.pdf
financial_environmental_report,"""річний фінансовий звіт"" ""Україна"" filetype:pdf",https://raiffeisen.ua/storage/files/rbi-report-2023.pdf
financial_environmental_report,"""річний фінансовий звіт"" ""Україна"" filetype:pdf",https://kredobank.com.ua/public/upload/df2a4a2b526d8c3a4bd6dade0ef3a1db.pdf
financial_environmental_report,"""річний фінансовий звіт"" ""Україна"" filetype:pdf",http://my-banks.in.ua/data/upload/BANKS/Mega/2011_AR_Fin_MegaBank.pdf
financial_environmental_report,"""річний фінансовий звіт"" ""Україна"" filetype:pdf",https://static.privatbank.ua/files/data/2_13_3bu.pdf
financial_environmental_report,"""річний фінансовий звіт"" ""Україна"" filetype:pdf",https://talion-plus.com.ua/files/documents/finance/doc_73883.pdf
financial_environmental_report,"""річний фінансовий звіт"" ""Україна"" filetype:pdf",https://www.cd.org.ua/pdf/2023-fhy23gdt-d4e3-826d-j8d7-h783fce.pdf
financial_environmental_report,"""річний фінансовий звіт"" ""Україна"" filetype:pdf",https://ksbeskid.com.ua/wp-content/uploads/2024/05/richnyj-finansovyj-zvit-2024.pdf
financial_environmental_report,"""річний фінансовий звіт"" ""Україна"" filetype:pdf",https://dgf.com.ua/media/uploads/2025/06/02/Звіт+незалежного+аудитора+щодо+річної+фінансової+звітності+за+2024+рік.pdf
financial_environmental_report,"""річний фінансовий звіт"" ""Україна"" filetype:pdf",http://repository.dnu.dp.ua:1100/upload/4cff3acb7cbe44040affe9eee12701deStrukturno-funkcional'nij-analiz.pdf
financial_environmental_report,"""річний фінансовий звіт"" ""Україна"" filetype:pdf",https://country.db.com/ukraine/documents/Report-of-the-Audit-Commission--20150417.pdf
financial_environmental_report,"""річний фінансовий звіт"" ""Україна"" filetype:pdf",https://iie.org.ua/wp-content/uploads/application/pdf/mono_2022-3_compressed.pdf
financial_environmental_report,"""довідка про доходи"" filetype:pdf",https://mkl3.vn.ua/wp-content/uploads/2022/02/Довідка-про-доходи-керівника.pdf
financial_environmental_report,"""довідка про доходи"" filetype:pdf",https://ulf.ua/cache/files/files/56/8b/8b32cb6f5a99742de709a75ee8aef3b3/file/Finansyvanna+z+dovidkou+pro+dohodi.pdf
financial_environmental_report,"""довідка про доходи"" filetype:pdf",https://kirovohradska.land.gov.ua/wp-content/uploads/2025/01/yak-otrymaty-dovidku-pro-dohody-onlajn.pdf
financial_environmental_report,"""довідка про доходи"" filetype:pdf",https://apim.pumb.ua/api/assets/pumb/084fed12-4cef-4e44-a7d6-c8843e00075f/yak-otrimati-dovidku-pro-dohodi-onlajn-u-dps.pdf?version=0
financial_environmental_report,"""довідка про доходи"" filetype:pdf",https://kcas.com.ua/docs/stud_office/Довідка+про+доходи.pdf
financial_environmental_report,"""довідка про доходи"" filetype:pdf",https://rcp.kh.ua/service/vidacha_dovidki_pro_dohodi.pdf
financial_environmental_report,"""довідка про доходи"" filetype:pdf",https://tax.gov.ua/data/material/000/798/931445/11_K_Vidacha_dov_dki_pro_dohodi.pdf
receipt,"""квитанція про оплату"" ""сума"" filetype:pdf",https://ukrtelecom.ua/download-file/5434---receipt-(1).pdf
receipt,"""квитанція про оплату"" ""сума"" filetype:pdf",http://vtec.vn.ua/sites/default/files/page/files/kvytanciya_na_oplatu_poslug.pdf
receipt,"""квитанція про оплату"" ""сума"" filetype:pdf",https://openreviewhub.org/sites/default/files/comments-lea/receiptyablonkoolena.pdf
receipt,"""квитанція про оплату"" ""сума"" filetype:pdf",https://files.salebot.pro/uploads/message_files/af1a9aa4-a82a-4657-a6a1-ef7d82dec4d1.pdf
receipt,"""квитанція про оплату"" ""сума"" filetype:pdf",https://warmex.com.ua/images/IQ_Energy_Projects_Documentation_Requirements_UKR.pdf
receipt,"""квитанція про оплату"" ""сума"" filetype:pdf",https://marten.kiev.ua/image/catalog/iqenergy/vimogi-shchodo-dokumentalnogo-oformlennya-proekt-v-iq-energy.pdf
receipt,"""квитанція про оплату"" ""сума"" filetype:pdf",https://supreme.court.gov.ua/userfiles/media/new_folder_for_uploads/supreme/PREZ_Guleykov_13_10_2021_1.pdf
receipt,"""фіскальний чек"" ""Україна"" filetype:pdf",https://der.org.ua/wp-content/uploads/Obovyazkovi-rekvizyty-yaki-povynen-mistyty-fiskalnyj-chek.pdf
receipt,"""фіскальний чек"" ""Україна"" filetype:pdf",https://cv.tax.gov.ua/data/material/000/571/687237/Buklet1_fisk_chek.pdf
receipt,"""фіскальний чек"" ""Україна"" filetype:pdf",https://gatne-rada.gov.ua/images/news/З_Пошти/Податкова/18.03.2026/2/Фіскальний_чек_чи_є_підстави_для_застосування_штрафних_санкцій_за_зміну_послідовності_реквізитів_8a543.pdf
receipt,"""фіскальний чек"" ""Україна"" filetype:pdf",https://dlgr.gov.ua/ua/main-mediafunc-osxfile.file/pg/151225199490410_n_1o/1212.pdf
receipt,"""фіскальний чек"" ""Україна"" filetype:pdf",https://api-cf.dtkt.ua/documents/download/pdf/1217.458.1
receipt,"""фіскальний чек"" ""Україна"" filetype:pdf",https://rro.org.ua/files/NE_FP3530T_v1x10.pdf
receipt,"""фіскальний чек"" ""Україна"" filetype:pdf",http://img.unisystem.ua/files/6/MINI-T400ME_manual_v4101-4.pdf
receipt,"""фіскальний чек"" ""Україна"" filetype:pdf",https://ogp.ua/images/manual_PPO/MINI-T400ME_manual_v4101-4.pdf
receipt,"""фіскальний чек"" ""Україна"" filetype:pdf",https://www.zink.gov.ua/wp-content/uploads/2025/12/dps-chek.pdf
receipt,"""платіжне доручення"" ""платник"" filetype:pdf",https://ioanivcenter.com/wp-content/uploads/2023/10/platizne_doruchenia.pdf
receipt,"""платіжне доручення"" ""платник"" filetype:pdf",https://tc-bank.com/file.php?component=sys_media_doc&file=doc_71932a86329675d937e6d8fe1c134470.pdf&title=Правила+оформлення+платіжного+доручення+в+іноземній+валюті.pdf
receipt,"""платіжне доручення"" ""платник"" filetype:pdf",https://www.megazakaz.com/uploads/support/1630428600380_document.pdf
receipt,"""платіжне доручення"" ""платник"" filetype:pdf",https://dlgr.gov.ua/ua/osxfile/pg/250920429483829_n_1o/2509.pdf
receipt,"""платіжне доручення"" ""платник"" filetype:pdf",https://agrovolyn.gov.ua/sites/default/files/attachments/document.0.pdf
receipt,"""платіжне доручення"" ""платник"" filetype:pdf",https://uristinfo.net/kodeksy/257-npk-do-tsivilnogo-kodeksu-ukrayini/8033-zagalni-polozhennja-pro-rozrahunki-iz-zastosuvannjam-platizhnih-doruchen.pdf
receipt,"""платіжне доручення"" ""платник"" filetype:pdf",https://static.privatbank.ua/files/Vydy_platizh_poslug.pdf
receipt,"""рахунок фактура"" filetype:pdf",https://vps.ua/download/Образец_счета.pdf
receipt,"""рахунок фактура"" filetype:pdf",https://static.dobro.ua/projects/2026/02/09/media/рахунок_фактура_23.pdf
receipt,"""рахунок фактура"" filetype:pdf",https://opencartforum.com/files/file/8983-pdf-invoice-to-order-schet-faktura-k-zakazu-v-pdf/
receipt,"""рахунок фактура"" filetype:pdf",https://ndekc.dn.ua/uploads/ck/zbroia_rakh_fakt_26.pdf
receipt,"""рахунок фактура"" filetype:pdf",https://pluskarma.com.ua/wp-content/uploads/2023/09/ilovepdf_merged-26.pdf
receipt,"""рахунок фактура"" filetype:pdf",https://veliki.com.ua/tmp/Rahunok2163678.pdf
receipt,"""рахунок фактура"" filetype:pdf",https://dobro-media-prod.s3-eu-west-1.amazonaws.com/projects/2022/04/21/media/рахунок.pdf
certificate_of_analysis,"""сертифікат аналізу"" filetype:pdf",https://rm.co.ua/certificates.ru/mhcx01.pdf
certificate_of_analysis,"""сертифікат аналізу"" filetype:pdf",https://zandra.com.ua/images/CdLZEWcYaJqZmNqWor41GYCj3z0fR6LnLzFQMOyc.pdf
certificate_of_analysis,"""сертифікат аналізу"" filetype:pdf",https://himanaliz.ua/wp-content/uploads/2016/02/Sertifikat-analiza-vozdukha.pdf
certificate_of_analysis,"""сертифікат аналізу"" filetype:pdf",https://apteka911.ua/content/shop/certificates/293/certificate_670099.pdf
certificate_of_analysis,"""сертифікат аналізу"" filetype:pdf",https://7dreamsport.ua/wa-data/public/site/sert/6428-COA-ua.pdf
certificate_of_analysis,"""сертифікат аналізу"" filetype:pdf",https://openteck.ua/wp-content/uploads/2025/09/a3711-pidvikonnia-elementnyj-analiz.pdf
certificate_of_analysis,"""сертифікат якості"" ""партія"" filetype:pdf",https://igar.ua/wp-content/uploads/2026/02/202503_igar_.pdf
certificate_of_analysis,"""сертифікат якості"" ""партія"" filetype:pdf",https://agrosfera.ua/image/catalog/pdf_certificate/propozit.pdf
certificate_of_analysis,"""сертифікат якості"" ""партія"" filetype:pdf",https://ispro.ua/uploads/pages/January2022/DjqMbwegeUYTKfjrz7dD.pdf
certificate_of_analysis,"""сертифікат якості"" ""партія"" filetype:pdf",https://www.lamed.com.ua/cdn/pdf/65d86d731605c94255d4329c
certificate_of_analysis,"""сертифікат якості"" ""партія"" filetype:pdf",https://www.tsatu.edu.ua/rosl/wp-content/uploads/sites/20/lekcija-5.osnovy-sertyfikaciyi-produkciyi.pdf
certificate_of_analysis,"""сертифікат відповідності"" filetype:pdf",https://dlf.ua/wp-content/uploads/pdf/5460/5460_p.pdf
certificate_of_analysis,"""сертифікат відповідності"" filetype:pdf",https://www.dezega.com/sites/default/files/2022-12/2388-skan-sertifikata.pdf
certificate_of_analysis,"""сертифікат відповідності"" filetype:pdf",https://armax.ua/uploads/borati/Sertifikat_Borati.pdf
certificate_of_analysis,"""сертифікат відповідності"" filetype:pdf",https://apteka911.ua/content/shop/certificates/19/certificate_91328.pdf
certificate_of_analysis,"""сертифікат відповідності"" filetype:pdf",https://www.kambio.ua/wp-content/uploads/2024/04/сертифікат.pdf
certificate_of_analysis,"""сертифікат відповідності"" filetype:pdf",https://metrology.ukrcsm.com/images/list/dob_OV/Poryadok_02052019.pdf
certificate_of_analysis,"""сертифікат відповідності"" filetype:pdf",https://seprogroup.com.ua/wp-content/uploads/Schemes.pdf
certificate_of_analysis,"""сертифікат відповідності"" filetype:pdf",https://www.motorolasolutions.com/content/dam/msi/docs/products/two-way-radios/declarations-of-conformity/dm1000_dm2000_ua_doc.pdf
certificate_of_analysis,"""сертифікат відповідності"" filetype:pdf",https://cdn.imperiatools.ru/download/ryobi___4137168303___instrukciya-k-tovaru.pdf
certificate_of_analysis,"""паспорт якості"" filetype:pdf",https://nav.tn.ru/knowledge-base/api/pdf/oIFo2lQsC0G2RD1tf3xXdEHhIqTt0N9o+ynCJSyMMDyJwylytn9BEvJkTZ4VMEnS/bWcba4bi0s2xUAgzhwYcA==/
certificate_of_analysis,"""паспорт якості"" filetype:pdf",https://socar.ua/storage/uploads/f8c7ca74-e175-4b01-b1b9-e6fe6fc7bdfb.pdf
certificate_of_analysis,"""паспорт якості"" filetype:pdf",https://grand-petrol.com.ua/wp-content/uploads/2024/08/Pasport-iakosti-na-DP-klas-C-175547_5955440-vid-22.08.24.pdf
certificate_of_analysis,"""протокол випробувань"" ""зразок"" filetype:pdf",https://dndivsovt.mil.gov.ua/app/uploads/2024/10/4.protokol-vyprobuvan.pdf
certificate_of_analysis,"""протокол випробувань"" ""зразок"" filetype:pdf",https://framex.ua/wp-content/uploads/2022/10/protokoli2-2.pdf
certificate_of_analysis,"""протокол випробувань"" ""зразок"" filetype:pdf",https://vikonda.ua/wp-content/uploads/2024/05/protokol-viprobuvan.pdf
certificate_of_analysis,"""протокол випробувань"" ""зразок"" filetype:pdf",https://storage.googleapis.com/msgsndr/6IYHQU69PoelHz8B2wcB/media/689b4b17df61c2806a3e6343.pdf
certificate_of_analysis,"""протокол випробувань"" ""зразок"" filetype:pdf",https://zeleniyptah.com.ua/wp-content/uploads/2024/08/Protokol-vyprobuvannia.pdf
certificate_of_analysis,"""протокол випробувань"" ""зразок"" filetype:pdf",https://sputnik-gear.ua/storage/files/uploads/DOCS/Protokol_viprobuvan___NVMPE_vid_20_11_2023.pdf
certificate_of_analysis,"""протокол випробувань"" ""зразок"" filetype:pdf",https://eurobud.ua/wp-content/uploads/2025/10/protokol-vyprobuvan-z-vyznachennya-granyczi-micznosti-na-rozryv-eps-70-_-eps-80-1.pdf.pdf
certificate_of_analysis,"""лабораторний протокол"" ""зразок"" filetype:pdf",https://mmi-dmm.kpi.ua/images/2022/t/17.pdf
certificate_of_analysis,"""лабораторний протокол"" ""зразок"" filetype:pdf",https://aphl.org/docs/default-source/global-health/ukr_pnl35-illumina-dna-prep-sop_v57ad4fe392c4c4796b9e1e1a1993dd4b8.pdf?sfvrsn=b798b917_1
certificate_of_analysis,"""лабораторний протокол"" ""зразок"" filetype:pdf",https://aphl.org/docs/default-source/global-health/ukr_pnl38_wgs-on-miseq-sop_v422c813014a0c4201b42ab7150ce5a60a.pdf?sfvrsn=dfc4510a_1
certificate_of_analysis,"""лабораторний протокол"" ""зразок"" filetype:pdf",http://kznh.kpi.ua/03.09.14_metoduchku/XTF/Синтезы+МММ.pdf
hospital_claim,"""відшкодування витрат"" ""лікування"" filetype:pdf",https://nashigroshi.org/wp-content/uploads/2017/01/дог-№-1.2-ліки-1.pdf
hospital_claim,"""відшкодування витрат"" ""лікування"" filetype:pdf",https://data.gov.ua/dataset/e664d2db-f7ea-4a4c-90a9-54ccccd2e7d5/resource/995a3874-e570-43dd-a27a-ef5ec6efccdb/download/tov-podorozhnik-dnipro-no-9-vid-13-05-2020.pdf
hospital_claim,"""відшкодування витрат"" ""лікування"" filetype:pdf",https://pistunovi.narod.ru/Ant_mon.pdf
hospital_claim,"""відшкодування витрат"" ""лікування"" filetype:pdf",https://shepetivka-rada.gov.ua/wp-content/uploads/2022/03/№20-27.01.2022-pro-zatverdzhennya-poryadku-vidshkoduvannya-vytrat-vartosti-likarskyh-zasobiv-pilgovyh-kategorij-naselennya-shepetivskoyi-miskoyi-terytorialnoyi-gromady-na-2022-2024roky-1.pdf
hospital_claim,"""відшкодування витрат"" ""лікування"" filetype:pdf",https://umj.com.ua/wp/wp-content/uploads/2010/08/78-104.pdf
hospital_claim,"""відшкодування витрат"" ""лікування"" filetype:pdf",https://health.mvs.gov.ua/upload/5/6/4/pro-zatverdzennia-poriadku-vidskodu-vid-13072017-39-tekst-dlia-druku.pdf
hospital_claim,"""відшкодування витрат"" ""лікування"" filetype:pdf",https://stryi-rada.gov.ua/doc/wp-content/uploads/2024/05/2526.pdf
hospital_claim,"""відшкодування витрат"" ""лікування"" filetype:pdf",https://doc.varash-rada.gov.ua/images/doc/rada/2024/dod15-2222-2024.pdf
hospital_claim,"""страховий випадок"" ""медична допомога"" filetype:pdf",https://upsk.com.ua/dbs.8.files/upload/file/meddopomoga.pdf
hospital_claim,"""страховий випадок"" ""медична допомога"" filetype:pdf",https://eprints.kname.edu.ua/24397/1/2009+печ+10П+Тонкошкур_ПОТМ_під.pdf
hospital_claim,"""страховий випадок"" ""медична допомога"" filetype:pdf",https://universalna.com/documents/Pravyla_dobrovilnoho_medychnoho_strakhuvannia_(bezperervne_strakhuvannia_zdorovia)_zminy_4.pdf
hospital_claim,"""страховий випадок"" ""медична допомога"" filetype:pdf",https://www.pzu.com.ua/admin/upload/2024/upload/Zagalnі_umovi_produktu_MS.pdf
hospital_claim,"""страховий випадок"" ""медична допомога"" filetype:pdf",https://arx.com.ua/uploads//Agreement_Medical+Help_01.06.2024.pdf
hospital_claim,"""страховий випадок"" ""медична допомога"" filetype:pdf",https://uniqa.ua/storage/insurance-products/reports-files/1107_umovy_27.06.2024.pdf
hospital_claim,"""страховий випадок"" ""медична допомога"" filetype:pdf",https://krayina.com/storage/documents/VCqUZKJX33KwmJYHPizC3FCINRTu4uvdIriTEpG6.pdf
hospital_claim,"""страховий випадок"" ""медична допомога"" filetype:pdf",https://colonnade.com.ua/storage/files/file20220524150725.pdf
hospital_claim,"""заява"" ""медичні послуги"" ""пацієнт"" filetype:pdf",https://www.uvmhealth.org/sites/default/files/2025-11/ny-uniform-financial-aid-application-eform-20-UKRAINIAN.pdf
hospital_claim,"""заява"" ""медичні послуги"" ""пацієнт"" filetype:pdf",https://zmdl5.zp.ua/wp-content/uploads/2025/05/zayava-pro-pryyednannya.pdf
hospital_claim,"""заява"" ""медичні послуги"" ""пацієнт"" filetype:pdf",https://medical.ensuria.ua/wp-content/uploads/2025/08/public-ontract-for-the-provision-of-medical-services.pdf
hospital_claim,"""заява"" ""медичні послуги"" ""пацієнт"" filetype:pdf",https://ovrmisl.med.ukraina.org.ua/sites/ovrmisl.med.ukraina.org.ua/files/inline-files/publichnyy-dogovir_0.pdf
hospital_claim,"""заява"" ""медичні послуги"" ""пацієнт"" filetype:pdf",https://mc-kyiv.com.ua/wp-content/uploads/2025/12/dogovir_platni_poslugy.pdf
hospital_claim,"""заява"" ""медичні послуги"" ""пацієнт"" filetype:pdf",https://puls.ua/wp-content/uploads/2020/05/publichnii-dogovir-pro-nadannja-platnih-medichnih-poslug.pdf
hospital_claim,"""заява"" ""медичні послуги"" ""пацієнт"" filetype:pdf",https://vmklcmd.lic.org.ua/wp-content/uploads/2020/01/dogovor.pdf
hospital_claim,"""заява"" ""медичні послуги"" ""пацієнт"" filetype:pdf",https://malskapediatrics.com/wp-content/uploads/2022/01/Umovy-nadannia-ta-otrymannia-medychnykh-posluh-1.pdf
hospital_claim,"""заява"" ""медичні послуги"" ""пацієнт"" filetype:pdf",https://olymed.ua/strapi/uploads/PUBLI_Ch_NIJ_DOGOVIR_GASTRO_Cz_ENTR_7dc93b5858.pdf
hospital_claim,"""акт наданих медичних послуг"" filetype:pdf",https://vodkl.org.ua/wp-content/uploads/2025/04/213_pro-zatverdzhennia-publichnoho-dohovoru-nadannia-medychnykh-posluh.pdf
hospital_claim,"""акт наданих медичних послуг"" filetype:pdf",https://mkl3.vn.ua/wp-content/uploads/2025/03/Публічний-договір-оферта-про-надання-платних-послуг.pdf
hospital_claim,"""акт наданих медичних послуг"" filetype:pdf",https://tokkpnl.org.ua/wp-content/uploads/2026/02/PUBLICHNYJ-DOGOVIR-OFERTA.pdf
patient_form,"""анкета пацієнта"" filetype:pdf",https://doclife.in.ua/wp-content/uploads/2023/07/dodatok-1-anketa2023.pdf
patient_form,"""анкета пацієнта"" filetype:pdf",https://vivereclinic.com/all-images/anketa-pacienta.pdf
patient_form,"""анкета пацієнта"" filetype:pdf",https://www.kvsa.de/fileadmin/user_upload/Bilder/Content/Praxis/Aktuelles/Patientenfragebogen_ukrainisch_ausfuellbar.pdf
patient_form,"""анкета пацієнта"" filetype:pdf",https://kinderklinik.ua/wp-content/uploads/2020/07/Anketa-pershij-vizit-Dorosli.pdf
patient_form,"""анкета пацієнта"" filetype:pdf",https://www.germany4ukraine.de/SharedDocs/Downloads/RU/medizinische-versorgung/anamnesebogen.pdf?__blob=publicationFile&v=2
patient_form,"""анкета пацієнта"" filetype:pdf",https://arztpraxis-irina-mucha.de/wp-content/uploads/2025/03/Анкета-пацієнта-Patientenvereinbarung.pdf
patient_form,"""анкета пацієнта"" filetype:pdf",https://istomatolog.clinic/wp-content/uploads/2023/10/Анкета-пацієнта.pdf
patient_form,"""інформована згода пацієнта"" filetype:pdf",https://visnyk-juris-uzhnu.com/wp-content/uploads/2024/01/62-1.pdf
patient_form,"""інформована згода пацієнта"" filetype:pdf",https://istomatolog.clinic/wp-content/uploads/2023/03/Інформована-добровільна-згода-пацієнта-на-проведення-діагностики.pdf
patient_form,"""інформована згода пацієнта"" filetype:pdf",https://www.usas.com.ua/wp-content/uploads/2025/07/INFORMOVANA-ZGODA-PATSIYENTA.pdf
patient_form,"""інформована згода пацієнта"" filetype:pdf",https://ivf.com.ua/wp-content/uploads/2020/11/Zgoda.pdf
patient_form,"""інформована згода пацієнта"" filetype:pdf",https://doctors.com.ua/wp-content/uploads/2021/07/informovana-zgoda-003-6-ot-12-2020.pdf
patient_form,"""інформована згода пацієнта"" filetype:pdf",https://www.dec.gov.ua/wp-content/uploads/2024/12/forma_informovanoyi_zgody_informed_consent_form_2024_gruden.pdf
patient_form,"""інформована згода пацієнта"" filetype:pdf",https://medicallaw.org.ua/uploads/media/02_024.pdf
patient_form,"""інформована згода пацієнта"" filetype:pdf",https://www.dec.gov.ua/wp-content/uploads/2019/11/met_lpmd.pdf
patient_form,"""інформована згода пацієнта"" filetype:pdf",https://www.straumann.com/content/dam/media-center/clearcorrect/en/documents/general-terms-and-conditions/480.254-uk-00.pdf
patient_form,"""інформована добровільна згода"" filetype:pdf",https://www.csdlab.ua/sites/default/files/text-files/informovana-zhoda.pdf
patient_form,"""інформована добровільна згода"" filetype:pdf",https://14detpol.city.kh.ua/wp-content/uploads/Додаток-2-до-Договору-інформована-добровільна-згода.pdf
patient_form,"""інформована добровільна згода"" filetype:pdf",https://anest.vn.ua/file/Informed_voluntary_consent_epidural_anesthesia._v006_26_11_17.pdf
patient_form,"""інформована добровільна згода"" filetype:pdf",https://belgium.mfa.gov.ua/storage/app/sites/16/zayava-observatsiya.pdf
patient_form,"""інформована добровільна згода"" filetype:pdf",https://www.klinika19.com.ua/wp-content/uploads/2021/01/згоди.pdf
patient_form,"""інформована добровільна згода"" filetype:pdf",https://www.ifnmu.edu.ua/wp-content/uploads/2024/10/Зразок-добр.-інф.-згоди.pdf
patient_form,"""інформована добровільна згода"" filetype:pdf",https://istomatolog.clinic/wp-content/uploads/2023/10/Інформована-добров.-згода-пацієнта_.pdf
patient_form,"""інформована добровільна згода"" filetype:pdf",https://lib.iitta.gov.ua/id/eprint/738001/1/Запобігання++булінгу+в+шкільному+середовищі_2023.pdf
patient_form,"""медична карта пацієнта"" filetype:pdf",https://ela.kpi.ua/bitstream/123456789/54404/1/Sherberh_magistr.pdf
patient_form,"""медична карта пацієнта"" filetype:pdf",https://core.ac.uk/download/231764019.pdf
patient_form,"""медична карта пацієнта"" filetype:pdf",https://nauka-online.com/wp-content/uploads/2018/06/Ponomarenko.pdf
patient_form,"""медична карта пацієнта"" filetype:pdf",https://science.lpnu.ua/sites/default/files/journal-paper/2019/apr/16265/vis689ism-158-168.pdf
patient_form,"""медична карта пацієнта"" filetype:pdf",https://zdrowieodpoczecia.pl/wp-content/uploads/2023/07/Karaty-wywiadu-pacjeta-doroslego.pdf
patient_form,"""направлення пацієнта"" filetype:pdf",https://www.academia.edu/30237104/Ю_І_Губський_М_К_Хобзей_Фармакотерапія_в_паліативній_та_хоспісній_медицині_К_Здоровья_2011_352_с_copy_pdf
patient_form,"""направлення пацієнта"" filetype:pdf",https://ehealth.gov.ua/wp-content/uploads/2020/05/Pro-zatverdzhennya-Poryadku-napravlennya-patsiyentiv-do-zakladiv-ohorony-zdorovya-ta-fizychnyh-osib-pidpryyemtsiv-yaki-v-ustanovlenomu-zakono...-_-vid-28.02.2020-586.pdf
patient_form,"""направлення пацієнта"" filetype:pdf",https://ir.lib.vntu.edu.ua/bitstream/handle/123456789/17501/2643.pdf
patient_form,"""направлення пацієнта"" filetype:pdf",https://strazhesko.org.ua/upload/napravlennya-na-gospitalizaciyu.pdf
patient_form,"""направлення пацієнта"" filetype:pdf",https://krasnop.crl.net.ua/wp-content/uploads/2020/04/napravlennja-vipisanogo-cherez-inshu-mis-1.pdf
patient_form,"""направлення пацієнта"" filetype:pdf",https://decentralization.gov.ua/uploads/library/file/266/4992.pdf
patient_form,"""направлення пацієнта"" filetype:pdf","https://moz.gov.ua/storage/uploads/e174ed5c-b1ac-4d08-9203-6ad117585e95/Покроковий-алгоритм-для-лікарів,-команд-та-адміністраторів.pdf"
patient_form,"""направлення пацієнта"" filetype:pdf",https://naiu.org.ua/wp-content/uploads/2024/11/naiu_psyhoassistance_v03.pdf
patient_form,"""направлення пацієнта"" filetype:pdf",https://academy.nszu.gov.ua/pluginfile.php/256700/mod_page/content/66/Гід_для+пацієнтів+2025.pdf
medical_doctor_note,"""анамнез"" filetype:pdf",https://www.mskcc.org/ru/pdf/cancer-care/patient-education/family-health-history
medical_doctor_note,"""анамнез"" filetype:pdf",https://rsmu.ru/fileadmin/templates/DOC/Faculties/PF/Dept_pdb/pdb/ex_pdb_2014.pdf
medical_doctor_note,"""анамнез"" filetype:pdf",https://nacedu.by/assets/files/gajd_anamnez-rebyonka-poshagovyj-algoritm.pdf
medical_doctor_note,"""анамнез"" filetype:pdf",https://onmedu.edu.ua/wp-content/uploads/2020/02/Algoritm-2-2.pdf
medical_doctor_note,"""анамнез"" filetype:pdf",https://e.profkiosk.ru/eServices/service_content/file/eaa2a94d-a474-442a-b63a-beba7599618c.pdf;Pril1.pdf
medical_doctor_note,"""анамнез"" filetype:pdf",https://dl.booksee.org/genesis/161000/d1d3574929877488c719691c4c3a95d0/_as/[Ionash_V.]_Klinicheskaya_kardiologiya(BookSee.org).pdf
medical_doctor_note,"""анамнез"" filetype:pdf",https://omnidoctor.ru/upload/iblock/b72/b7212dd639da8a7ce719e10891096cbf.pdf
medical_doctor_note,"""курс лікування"" filetype:pdf",http://ir.librarynmu.com/bitstream/123456789/802/2/Visnyk+Part+II+Psychotherapy+-+Ukrainian+FINAL.pdf
medical_doctor_note,"""курс лікування"" filetype:pdf",https://dspace.zsmu.edu.ua/bitstream/123456789/13015/1/Лекция+№4_УВЧ_2019.pdf
medical_doctor_note,"""курс лікування"" filetype:pdf",https://new.meduniv.lviv.ua/uploads/repository/kaf/kaf_transplantology_surgery_fpge/03.КУРСИ+ТЕМАТИЧНОГО+УДОСКОНАЛЕННЯ/1.Навчальні+програми/5.Вади+серця.pdf
medical_doctor_note,"""курс лікування"" filetype:pdf",https://babykrok.com.ua/upload/intext/pediatric/Step3tren.pdf
medical_doctor_note,"""курс лікування"" filetype:pdf",https://nsmedych.oits.pro/wp-content/uploads/2021/12/38.-medychna-ta-sotsialna-reabilitatsiia.pdf
medical_doctor_note,"""курс лікування"" filetype:pdf",https://health-ua.com/multimedia/userfiles/files/2021/ZKR_Cardio_Revma_2021/ZKR_Cardio_Revma_2021_st157.pdf
medical_doctor_note,"""історія хвороби"" filetype:pdf",https://new.meduniv.lviv.ua/uploads/repository/kaf/kaf_propaedeutic_2/4.+Навчально-організаційна+робота/Istoriya_hvoroby_schema.pdf
medical_doctor_note,"""історія хвороби"" filetype:pdf",https://emed.library.gov.ua/wp-content/uploads/tainacan-items/271/37641/Istoriia-medytsyny-ta-okhorony-zdorovia-v-Ukraini-nauk.-dopom.-bibliohr.-pokazhch.-CH.-4.pdf
medical_doctor_note,"""історія хвороби"" filetype:pdf",https://www.chcsno.org/wp-content/uploads/2023/10/Health-History-Adult-DEN-Form-104D-Ukrainian.pdf
medical_doctor_note,"""історія хвороби"" filetype:pdf",https://repo.dma.dp.ua/4349/1/Академічна+історія+хвороби.+Пропедевтика+педіатрії.+docx-конвертирован.pdf
medical_doctor_note,"""історія хвороби"" filetype:pdf",http://vnmed3.kharkiv.ua/wp-content/uploads/2016/10/Історія-хвороби.pdf
medical_doctor_note,"""історія хвороби"" filetype:pdf",https://dspace.zsmu.edu.ua/bitstream/123456789/4418/1/Ист.+хвороби+2016.pdf
medical_doctor_note,"""виписка пацієнта"" filetype:pdf",https://krasnop.crl.net.ua/wp-content/uploads/2020/04/paciienta-zi-stacionaru-1.pdf
medical_doctor_note,"""виписка пацієнта"" filetype:pdf",https://knowledge.phc.org.ua/books/stacionar-hMv/page/instrukciya-dlya-likarya-stacionaru/export/pdf
medical_doctor_note,"""виписка пацієнта"" filetype:pdf",https://sis.nipo.gov.ua/media/UTILITY_MOD/2022/u202202536/99_151626-К_D_UA.pdf?ver=2025-07-15T18:21:05
medical_doctor_note,"""виписка пацієнта"" filetype:pdf",https://new.simplex-med.com/wp-content/uploads/2026/01/SimplexMed-SMD-EMZ.-EN-Pogashennya-EN.pdf
medical_doctor_note,"""виписка пацієнта"" filetype:pdf",https://www.dec.gov.ua/wp-content/uploads/2019/11/2014_387-ykpmd_raklegeni.pdf
medical_doctor_note,"""виписка пацієнта"" filetype:pdf",https://about.docdream.com/storage/file/Module_3.3.3_as_of_2026-04-10.pdf
medical_doctor_note,"""медичний висновок"" filetype:pdf",https://der.org.ua/wp-content/uploads/2.-MEDYCHNYJ-VYSNOVOK-TA-ELEKTRONNYJ-LIKARNYANYJ.pdf
medical_doctor_note,"""медичний висновок"" filetype:pdf",https://medcloud.com.ua/wp-content/uploads/2026/01/Medichnij-visnovok-pro-timchasovu-nepratsezdatnist-Elektronna-likarnya.pdf
medical_doctor_note,"""медичний висновок"" filetype:pdf",https://moz.gov.ua/uploads/6/31124-dn_1066_01_06_2021_dod_1.pdf
medical_doctor_note,"""медичний висновок"" filetype:pdf",https://www.kmu.gov.ua/storage/app/uploads/public/68e/3f4/ea1/68e3f4ea10de6474191623.pdf
medical_doctor_note,"""медичний висновок"" filetype:pdf",https://www.drs.gov.ua/wp-content/uploads/2026/03/1214_compressed.pdf
medical_doctor_note,"""медичний висновок"" filetype:pdf",https://api-cf.dtkt.ua/documents/download/pdf/1217.2239.1
medical_doctor_note,"""медичний висновок"" filetype:pdf",https://medplatforma.com.ua/files/Articles+MEDSPRAVA/2331/Nakaz_MOZ_1066.pdf
medical_doctor_note,"""лікарський висновок"" filetype:pdf",https://radfiz.org.ua/files/f086_0_copy.pdf
medical_doctor_note,"""лікарський висновок"" filetype:pdf",https://l208.kiev.ua/wp-content/uploads/2025/09/medychna-dovidka-086-o.pdf
medical_doctor_note,"""лікарський висновок"" filetype:pdf",https://baltapmsd.botg.gov.ua/wp-content/uploads/2019/04/086.pdf
medical_doctor_note,"""лікарський висновок"" filetype:pdf",https://moz.gov.ua/uploads/10/50382-forma.pdf
medical_doctor_note,"""лікарський висновок"" filetype:pdf",https://www.drs.gov.ua/wp-content/uploads/2025/09/6990.pdf
medical_doctor_note,"""консультаційний висновок"" ""лікар"" filetype:pdf",https://oblikbudget.com.ua/files/2023/10-2023/NakazMOZ1351.pdf
medical_doctor_note,"""консультаційний висновок"" ""лікар"" filetype:pdf",https://www.school11.org.ua/wp-content/uploads/2024/01/Наказ_1351.pdf
medical_doctor_note,"""консультаційний висновок"" ""лікар"" filetype:pdf",https://nadezhdivska.edu.ks.ua/wp-content/uploads/sites/252/2022/02/MEDYCHNA-DOVIDKA.pdf
medical_doctor_note,"""консультаційний висновок"" ""лікар"" filetype:pdf",https://cnap.dniprorada.gov.ua/wp-content/uploads/abi-sup/7670b96ec3c967755418f6984c691ad692981af26df54ba560886ef6fb33be8f.pdf
medical_doctor_note,"""довідка лікаря"" ""підпис"" filetype:pdf",https://ehealth.gov.ua/wp-content/uploads/2025/11/36-MIS-Tehnichni-vymogy-v-redaktsii-nakazu-NSZU-826-vid-04.11.2025.pdf
medical_doctor_note,"""довідка лікаря"" ""підпис"" filetype:pdf",https://dneprtest.dp.ua/docs/2019/pdf/f027_0.pdf
medical_doctor_note,"""довідка лікаря"" ""підпис"" filetype:pdf",https://pk.kpi.ua/wp-content/uploads/official-documents/zrazky-documentiv.pdf
medical_doctor_note,"""довідка лікаря"" ""підпис"" filetype:pdf",https://legalaid.gov.ua/wp-content/uploads/2024/04/zbirka-raportiv-dlya-vijskovosluzhbovcziv-2024.pdf
medical_doctor_note,"""довідка лікаря"" ""підпис"" filetype:pdf",https://www.sprotyvg7.com.ua/wp-content/uploads/2023/05/Довідник_ВЛК.pdf
logistics_financial,"""накладна на відпуск товару"" filetype:pdf",https://boilershop.com.ua/system/storage/download/uks.pdf
logistics_financial,"""накладна на відпуск товару"" filetype:pdf",https://ngl.media/wp-content/uploads/2026/01/232.pdf
logistics_financial,"""накладна на відпуск товару"" filetype:pdf",https://storage.ua.prom.st/870000_pasport_idmar_gk_10kw.pdf
logistics_financial,"""накладна на відпуск товару"" filetype:pdf",https://ingo.ua/cms/image/uploads/Zagalni_umovi_strahovogo_produktu_Strahuvannya_vidpovidalnosti_pereviznika_dbc97b7897.pdf?v=1718966075370
logistics_financial,"""накладна на відпуск товару"" filetype:pdf",https://ingo.ua/content/new-style/Official+information/Rules/32_Правила+добровільного+страхування+вантажів_08_2020.pdf
logistics_financial,"""накладна на відпуск товару"" filetype:pdf",https://ingo.ua/cms/image/uploads/Zagalni_umovi_strahovogo_produktu_Strahuvannya_vidpovidalnistosti_transportnogo_operatora_93b88c50e7.pdf?v=1719820782998
logistics_financial,"""накладна на відпуск товару"" filetype:pdf",https://ingo.ua/cms/image/uploads/Umovi_ta_Zasterezhennya_dogovoru_dobrovilnogo_strahuvannya_vantazhiv_vid_12_11_2020_0a7fe5bf29.pdf
logistics_financial,"""видаткова накладна"" filetype:pdf",https://static.itbox.ua/static/src/pdf/Видаткова_зразок.pdf
logistics_financial,"""видаткова накладна"" filetype:pdf",https://img1.liveinternet.ru/images/attach/c/7//4871/4871488_blank_vidatkova_nakladna.pdf
logistics_financial,"""видаткова накладна"" filetype:pdf",https://my.wepster.com/uploads/files/9ZGiEdP9dbqcRRSLw.pdf
logistics_financial,"""видаткова накладна"" filetype:pdf",https://dobro-media-prod.s3-eu-west-1.amazonaws.com/projects/2025/01/13/media/Видаткова_накладна.pdf
logistics_financial,"""видаткова накладна"" filetype:pdf",https://printto.ua/uploads/pdf_market_invoices/2026/04/23/Sales-Invoice-49629-56003-2026-04-23.pdf
logistics_financial,"""видаткова накладна"" filetype:pdf",https://maslotom.com/image/catalog/Documents/Накладная+.pdf
logistics_financial,"""видаткова накладна"" filetype:pdf",https://buhplatforma.com.ua/files/2023/12/vudatkova_2023-blanc.pdf
logistics_financial,"""товарно транспортна накладна"" filetype:pdf",https://appu.org.ua/wp-content/uploads/2025/01/nova-forma-ttn.pdf
logistics_financial,"""товарно транспортна накладна"" filetype:pdf",https://e-ttn.gov.ua/wp-content/uploads/2026/03/Spetsyfikatsiia-XML-e-TTN.pdf
logistics_financial,"""товарно транспортна накладна"" filetype:pdf",https://buhgalter911.com/uploads/blanks/Форма+№+1-ТН+з+03.01.2025.pdf
logistics_financial,"""товарно транспортна накладна"" filetype:pdf",https://my.novaposhta.ua/data/Example_form_1_TH.pdf
logistics_financial,"""товарно транспортна накладна"" filetype:pdf",https://mindev.gov.ua/storage/app/imported_content/66bb5422b1f2f.pdf
logistics_financial,"""товарно транспортна накладна"" filetype:pdf",https://oblikbudget.com.ua/files/2024/07_2024/TTN_2024_zrazok.pdf
logistics_financial,"""товарно транспортна накладна"" filetype:pdf",https://mindev.gov.ua/storage/app/sites/1/uploaded-files/nakaz-e-ttn-tov-ats-1.pdf
logistics_financial,"""акт виконаних робіт"" filetype:pdf",https://case-ukraine.com.ua/content/uploads/2022/04/CASE_zvit_acty.pdf
logistics_financial,"""акт виконаних робіт"" filetype:pdf",https://licey12.chernivtsy.com.ua/wp-content/uploads/2022/01/акт-виконання-робіт.pdf
logistics_financial,"""акт виконаних робіт"" filetype:pdf",https://budcraft.construction/wp-content/uploads/2025/06/mg-80m2-n.pdf
logistics_financial,"""акт виконаних робіт"" filetype:pdf",https://adalet.com.ua/Zrazok/Акт-викон.-робіт-.pdf
logistics_financial,"""акт виконаних робіт"" filetype:pdf",https://wiki-v2.edin.ua/books/xml-specifikaciyi-dokumentiv/page/akt-vikonanix-robit-comdoc-013/export/pdf
logistics_financial,"""акт виконаних робіт"" filetype:pdf",https://www.hts.kharkov.ua/docs/2026_02_VDS_dodat_3.pdf?v=0.1
logistics_financial,"""акт виконаних робіт"" filetype:pdf",https://buhexpert8.ru/wp-content/uploads/2026/03/Akt-vypolnennyh-rabot-blank.pdf
logistics_financial,"""рахунок на оплату"" filetype:pdf",https://ukraine-oss.com/wp-content/uploads/2023/04/rahunok-na-oplatu-2-pivrichchya-2023.pdf
logistics_financial,"""рахунок на оплату"" filetype:pdf",https://static.dobro.ua/projects/2026/03/12/media/Рахунок_на_оплату_Думанський_Н.А.pdf
logistics_financial,"""рахунок на оплату"" filetype:pdf",https://profhub.com.ua/wp-content/uploads/2025/01/рахунок-розяснення.pdf
logistics_financial,"""рахунок на оплату"" filetype:pdf",https://printto.ua/uploads/pdf_invoices/2026/05/05/Invoices-50887-combined.pdf
logistics_financial,"""рахунок на оплату"" filetype:pdf",https://eetrade.org/wp-content/uploads/2020/05/Зразок-рахунку-на-оплату.pdf
logistics_financial,"""рахунок на оплату"" filetype:pdf",https://www.energyresourceri.com.ua/wp-content/uploads/2025/11/pryklad-roz-iasnennia-rakhunku-za-elektrychnu-enerhiiu.pdf
logistics_financial,"""рахунок на оплату"" filetype:pdf",https://dobro-media-prod.s3-eu-west-1.amazonaws.com/projects/2025/03/05/media/рахунок.pdf
handwritten,бланк медичної довідки заповнений від руки,https://www.school11.org.ua/wp-content/uploads/2024/01/Медична_довідка_витяг_з_медичної_картки_амбулаторного_хворого.pdf
handwritten,медична карта пацієнта заповнена від руки,https://www.fichier-pdf.fr/2015/04/18/2013-555hozl-ykpmd/2013-555hozl-ykpmd.pdf
handwritten,направлення на аналізи заповнене від руки,https://bloodservice.org.ua/wp-content/uploads/2020/12/NAPRAVLENNYA-NA-IMUNOGEMATOLOGICHNI-DOSLIDZHENNYA.pdf
handwritten,інформована згода пацієнта заповнена від руки,https://www.csdlab.ua/sites/default/files/text-files/informovana-zgoda-panorama-2022.docx-1.pdf
handwritten,інформована згода пацієнта заповнена від руки,https://ubmdr.org/Articles/ubmdr_anketa.pdf
handwritten,анкета пацієнта заповнена від руки,https://www.kv-thueringen.de/fileadmin/media2/Kommunikation/20220324_Patientenfragebogen_ukrainisch_ausfuellbar.pdf
handwritten,анкета пацієнта заповнена від руки,https://www.sozialministerium.gv.at/dam/jcr:ad70a05d-ee65-4789-871a-08aefca6f3cf/220425_Schutzimpfung-Allgemein-Formular_v1-0_UKR_pdfUA.pdf
handwritten,анкета пацієнта заповнена від руки,https://essuir.sumdu.edu.ua/bitstream/123456789/92572/1/Sytnyk.pdf
handwritten,анкета пацієнта заповнена від руки,https://cerebrolysin.com.ua/fileadmin/user_upload/stroke/addition/Cerebrolysin-Scales-21.pdf
handwritten,анкета пацієнта заповнена від руки,https://dspace.library.khai.edu/xmlui/bitstream/handle/123456789/3392/Dudka.pdf?sequence=1&isAllowed=y
handwritten,анкета пацієнта заповнена від руки,https://www.doctorsoftheworld.org.uk/wp-content/uploads/2022/10/Child-questionnaire-in-English-with-Ukrainian-translation-0-15-years.pdf
handwritten,"""заява"" ""від руки"" filetype:pdf",https://media.chnu.edu.ua/media/lpao1tus/zaiava_onlain_2024.pdf
handwritten,"""заява"" ""від руки"" filetype:pdf",https://kievnrc6.org.ua/sites/kievnrc6.org.ua/files/inline-files/zrazki-zayav.pdf
handwritten,"""заява"" ""від руки"" filetype:pdf",https://school24.poltava.ua/wp-content/uploads/2026/02/zrazok_zayavi.pdf
handwritten,"""заява"" ""від руки"" filetype:pdf",https://specrada.bio.gov.ua/sites/default/files/docs/zayava.pdf
handwritten,"""заява"" ""від руки"" filetype:pdf",https://www.ipep.com.ua/data/admin/ckeditor/kcfinder/upload/files/SVR/1.pdf
handwritten,"""заява"" ""від руки"" filetype:pdf",https://ivinas.gov.ua/images/onp/normativ/Зразок_заяви_2021.pdf
handwritten,"""заява"" ""від руки"" filetype:pdf",https://postup.org.ua/images/docs/zayava_2.pdf
handwritten,"""пояснювальна записка"" filetype:pdf",https://moz.gov.ua/storage/uploads/f1cad6e2-eb87-4d9d-9234-ad7d8ea7e67e/3.-Пояснювальна-записка-(3)-(2).pdf
handwritten,"""пояснювальна записка"" filetype:pdf",https://mincult.gov.ua/wp-content/uploads/2025/11/03.-poyasnyuvalna.pdf
handwritten,"""пояснювальна записка"" filetype:pdf",https://marad.gov.ua/storage/app/sites/1/uploaded-files/poyasnyuvalna-zapiska-2.pdf
handwritten,"""пояснювальна записка"" filetype:pdf",https://akzent.zp.ua/wp-content/uploads/2018/08/Poyasnyuvalna-zapiska.pdf
handwritten,"""пояснювальна записка"" filetype:pdf",http://inmad.vntu.edu.ua/portal/static/F41D7FEB-36E8-4CE9-AA0B-90019FE1B6C4.pdf
handwritten,"""пояснювальна записка"" filetype:pdf",https://kharkivoda.gov.ua/content/documents/869/86900/files/Пояснювальна+записка(1).pdf?sv
handwritten,"""пояснювальна записка"" filetype:pdf",https://nmv.pnu.edu.ua/wp-content/uploads/sites/118/2018/11/013-Poiasniuvalna-zapyska.pdf
handwritten,"""пояснювальна записка"" filetype:pdf",https://dnmcps.com.ua/sites/default/files/2018-09/пояснювальна+записка_0.pdf
handwritten,"""пояснювальна записка"" filetype:pdf",https://xn--j1acefaf7g8c.xn--k1ajr.xn--j1amh/wp-content/uploads/2021/07/poiasniuvalna-zapyska-za-ii-kvartal-2021.pdf
handwritten,"""пояснювальна записка"" filetype:pdf",https://mindev.gov.ua/storage/app/sites/1/uploaded-files/poiasniuvalna-zapiska.pdf
handwritten,"""пояснювальна записка"" filetype:pdf",https://amcu.gov.ua/static-objects/amcu/sites/1/+записка.pdf
handwritten,"""пояснювальна записка"" filetype:pdf",https://tax.gov.ua/data/normativ/000/005/79570/Poyasnyuvalna_zapiska.pdf
handwritten,"""пояснювальна записка"" filetype:pdf",https://mof.gov.ua/storage/files/П-2+Поясн+записка+.pdf
handwritten,"""пояснювальна записка"" filetype:pdf",https://naqa.gov.ua/wp-content/uploads/2020/07/Пояснювальна-записка.pdf
handwritten,"""пояснювальна записка"" filetype:pdf",https://mkrmk.at.ua/avatar/programm_1.Poyasnuvalna_zagiska.pdf
handwritten,"""пояснювальна записка"" filetype:pdf",https://thepage.ua/storage/284104/poyasnyuvalna-dekriminalizatsiya-porno.pdf
handwritten,"""пояснювальна записка"" filetype:pdf",https://learn.ztu.edu.ua/pluginfile.php/313805/mod_page/content/23/Oforml_pract.pdf
handwritten,"""письмові пояснення"" filetype:pdf",https://nsj.gov.ua/files/15216247442.4.2.+Презентація+3.+Підготовка+пояснень+судді.pdf
handwritten,"""письмові пояснення"" filetype:pdf",https://www.victorija.ua/blanki-ta-formi-dokumentiv/vymoha-pro-nadannia-pysmovykh-poiasnen-pratsivnykom.html?print=pdf
handwritten,"""письмові пояснення"" filetype:pdf",https://kpi.ua/files/admin-rule.pdf
handwritten,"""письмові пояснення"" filetype:pdf",https://dduvs.edu.ua/wp-content/uploads/files/Structure/library/student/zvpdtkdn.pdf
handwritten,"""письмові пояснення"" filetype:pdf",https://court.gov.ua/storage/portal/sud2035/Zrazki646_25.pdf
handwritten,"""письмові пояснення"" filetype:pdf",https://www.vestnik-pravo.mgu.od.ua/archive/juspradenc52/22.pdf
handwritten,"""письмові пояснення"" filetype:pdf",https://unba.org.ua/assets/uploads/publications/Dokazi.pdf
handwritten,"""письмові пояснення"" filetype:pdf",https://decentralization.ua/uploads/attachment/document/618/ЗРАЗКИ-21.07.20.pdf
handwritten,"""заява громадянина"" filetype:pdf",https://ombudsman.gov.ua/storage/app/media/uploaded-files/Зразок+заяви.pdf
handwritten,"""заява громадянина"" filetype:pdf",https://nadpsu.edu.ua/wp-content/uploads/2025/07/vymogy-do-zvernen-ta-zrazok-zayavy.pdf
handwritten,"""заява громадянина"" filetype:pdf",https://dbr.gov.ua/assets/files/myk_doc/zrazki-dokumentiv-dlya-zvernen-gromadyan.pdf
handwritten,"""заява громадянина"" filetype:pdf",https://uoz.cn.ua/zgzakonprozvergr2020.pdf
handwritten,"""заява громадянина"" filetype:pdf",https://www.helsinki.org.ua/wp-content/uploads/2020/10/Press_Electron-Zvernenya_Sumy_A4.pdf
handwritten,"""заява громадянина"" filetype:pdf",https://www.irrp.org.ua/wp-content/uploads/2014/12/Zrazok-zapytu-na-publichnu-informatsiyu.pdf
handwritten,"""заява громадянина"" filetype:pdf",https://www.te.ukrstat.gov.ua/files/activgus16/activgus16_3.pdf
handwritten,"""службова записка"" filetype:pdf",https://karazin.ua/storage/static-content/source/documents/zrazky/vidpov.pdf
handwritten,"""службова записка"" filetype:pdf",https://nubip.edu.ua/sites/default/files/Зразок_службової.pdf
handwritten,"""службова записка"" filetype:pdf",https://nsj.gov.ua/files/1764763579Додаток+33.+Служб.+записка.pdf
handwritten,"""службова записка"" filetype:pdf",https://karazin.ua/storage/static-content/source/documents/zrazky/zav-stroky.pdf
handwritten,"""службова записка"" filetype:pdf",https://court.gov.ua/userfiles/slyzbova+zapuska.pdf
handwritten,"""службова записка"" filetype:pdf",https://xn--b1ab1cbr3h.xn--k1ajr.xn--j1amh/wp-content/uploads/2021/09/sluzhbova-zapyska-obhruntuvannia.pdf
handwritten,"""службова записка"" filetype:pdf",https://e-forest.gov.ua/wp-content/uploads/2025/09/Obhruntuvannia-Laky-serpen-2025r..pdf
handwritten,"""службова записка"" filetype:pdf",https://nure.ua/wp-content/uploads/2024/Docs_Academic_Council/sluzhbova-zapiska-1.pdf
handwritten,"""службова записка"" ""від руки"" filetype:pdf",https://vpusp.vn.ua/wp-content/uploads/2023/01/glushhyk-ukr-dilovi-papery.pdf
handwritten,"""службова записка"" ""від руки"" filetype:pdf",https://www.duikt.edu.ua/uploads/l_123_52036140.pdf
handwritten,"""службова записка"" ""від руки"" filetype:pdf",http://www.dgma.donetsk.ua/metod/ugo/um/do/mudsr.pdf
handwritten,"""службова записка"" ""від руки"" filetype:pdf",https://knu.ua/pdfs/official/acts/akt-vvedennya-v-ekspluataciyu.pdf
handwritten,"""службова записка"" ""від руки"" filetype:pdf",https://ombudsman.gov.ua/storage/app/media/uploaded-files/інструкція+з+діловодства+Секретаріат+наказ+53.15.pdf
handwritten,"""службова записка"" ""від руки"" filetype:pdf",https://rouoz.gov.ua/media/uploads/Інструкція_про_діловодство.pdf
handwritten,"""службова записка"" ""від руки"" filetype:pdf",http://www.vtei.com.ua/doc/dtu/307278.pdf
handwritten,"""службовий допис"" filetype:pdf",https://lv.tax.gov.ua/data/files/262104.pdf
handwritten,"""службовий допис"" filetype:pdf",https://khpcc.com/wp-content/uploads/2022/01/karantynni-obmezhennia-z-21.01.2-do-04.02.22.pdf
handwritten,"""розписка"" filetype:pdf",https://moodle.znu.edu.ua/pluginfile.php/1072361/mod_resource/content/0/Розписка.pdf
handwritten,"""розписка"" filetype:pdf",https://www.victorija.ua/blanki-ta-formi-dokumentiv/rozpyska-pro-otrymannia-koshtiv-prosta-forma.html?print=pdf
handwritten,"""розписка"" filetype:pdf",https://kyiv.asnu.net/files/xinha/ALLA1/DOGOVORA/2025/12._________________._____________.pdf
handwritten,"""розписка"" filetype:pdf",https://caritas.kyiv.ua/images/Rozpiska.pdf
handwritten,"""розписка"" filetype:pdf",https://rozdilna-rda.od.gov.ua/wp-content/uploads/2022/03/19-yak-pravylno-napysaty-rozpysku-shhob-potim-povernuty-grosh.pdf
handwritten,"""розписка"" ""від руки"" filetype:pdf",https://jetiq.vntu.edu.ua/fdb/1001/16._Доручення._Розписка.pdf
handwritten,"""розписка"" ""від руки"" filetype:pdf",https://kpksynergia.com/wp-content/uploads/2024/08/gr.2m-1-urok-15-16.pdf
handwritten,"""розписка"" ""від руки"" filetype:pdf",https://kr-rada.gov.ua/site/uploads/files/News/zgoda-IRC-1.pdf
handwritten,"""розписка"" ""від руки"" filetype:pdf",https://court.gov.ua/userfiles/zayava+kopiya+rishennya+uhvali+sudu(1).pdf
handwritten,"""розписка"" ""від руки"" filetype:pdf",https://s3.amazonaws.com/s3.classmill.com/modules/files/wLpQ/-a3a9.pdf
handwritten,"""розписка"" ""від руки"" filetype:pdf",https://repository.vsau.org/getfile.php/1905.pdf
handwritten,"""розписка"" ""зразок"" filetype:pdf",https://advocate-neroda.com.ua/wp-content/uploads/2024/02/rozpyska-zrazok.pdf
handwritten,"""розписка"" ""зразок"" filetype:pdf",https://dpsz.ua/upload/BLANKS/raspiska_zrazok.pdf
handwritten,"""боргова розписка"" filetype:pdf",https://lsej.org.ua/11_2022/42.pdf
handwritten,"""боргова розписка"" filetype:pdf",https://uploads.teachablecdn.com/attachments/BVYeiJOXQkRvJUTmZ7Gq_Облігації_чеклист+(1).pdf
handwritten,"""боргова розписка"" filetype:pdf",https://supreme.court.gov.ua/userfiles/media/new_folder_for_uploads/supreme/2023_prezent/Borgovi_zobov_podil_maina_podr.pdf
handwritten,"""боргова розписка"" filetype:pdf",https://www.sumyjust.gov.ua/wp-content/uploads/2025/03/borh-po-alimentam-i-vykonavchyy-napys-notariusa-iak-alternatyva-sudovym-sporam.pdf
handwritten,"""боргова розписка"" filetype:pdf",https://www.apdp.in.ua/v33/37.pdf
handwritten,"""розписка про отримання коштів"" filetype:pdf",https://www.victorija.ua/mitka/zrazok/page/2?print=pdf-search
handwritten,"""рапорт"" filetype:pdf",https://warbooks.com.ua/contents/zrazky-raportiv-u-zsu.pdf
handwritten,"""рапорт"" filetype:pdf",https://api-cf.dtkt.ua/documents/download/pdf/1207.4796.1
handwritten,"""рапорт"" filetype:pdf",https://www.amia.by/book/umk/Kaf_PI/deloproizvodstvo/project/DswMedia/zadanie_1.pdf
handwritten,"""рапорт"" filetype:pdf",https://legalaid.gov.ua/wp-content/uploads/2025/01/zbirka-raportiv-onovlena-u-sichni-2025-roku.pdf
handwritten,"""рапорт"" filetype:pdf",https://mod.gov.ua/assets/531_nm_2024_040e6ea825.PDF
handwritten,"""рапорт"" filetype:pdf",https://szn-mama.ru/wp-content/uploads/2024/06/Как-составить-рапорт.pdf
handwritten,"""рапорт"" filetype:pdf",https://mvd.ru/upload/site939/document_file/Raport_na_SKL_sotrudnika.pdf
handwritten,"""рапорт"" ""від руки"" filetype:pdf",https://turbota.mil.gov.ua/wp-content/uploads/2024/08/instrukcziya_z_dilovodstva_u_zs_2023_na_21.12.23.pdf
handwritten,"""рапорт"" ""від руки"" filetype:pdf",https://lg.dsns.gov.ua/upload/2/4/3/9/8/3/5/tipova-instrukciia-z-dilovodstva-v-teritorialnix-organax-dsns.pdf
handwritten,"""рапорт"" ""від руки"" filetype:pdf",https://lexinform.com.ua/wp-content/uploads/2025/01/lex-instruktsiya-z-dilovodstva-u-zbrojnyh-sylah.pdf
handwritten,"""рапорт"" ""від руки"" filetype:pdf",https://sprotyvg7.com.ua/wp-content/uploads/2024/12/Порядок-оформлення-БР.pdf
handwritten,"""рапорт"" ""від руки"" filetype:pdf",https://nvkarta.com/project/library/uploads/military/material/(uk)_spysannya_viyskovoho_mayna_za_inspektorskym_posvidchennyam.pdf
handwritten,"""військовий рапорт"" ""від руки"" filetype:pdf",https://duikt.edu.ua/uploads/l_1581_41971199.pdf
handwritten,"""акт"" ""від руки"" filetype:pdf",https://wetrade.com.ua/media/share/akt-defektovki.pdf
handwritten,"""акт"" ""від руки"" filetype:pdf",https://buhplatforma.com.ua/files/2025/07/Zrazok-Akta-vvedennia-v-ekspluatatsiiu-OZ-u-FOP.pdf
handwritten,"""акт"" ""від руки"" filetype:pdf",https://ibuhgalter.net/storage/web/source/1/31BB001.pdf
handwritten,"""акт"" ""від руки"" filetype:pdf",https://dduvs.edu.ua/wp-content/uploads/files/Structure/library/student/0922_3.pdf
handwritten,"""акт"" ""від руки"" filetype:pdf",https://buhgalter.isu.net.ua/sites/default/files/examples_preview/07.05_akt_vvedennya_v_ekspluataciyu.pdf
handwritten,"""протокол допиту"" filetype:pdf",https://pgp-journal.kiev.ua/archive/2020/9/38.pdf
handwritten,"""протокол допиту"" filetype:pdf",https://kelmczasopisma.com/public/viewpdf/1083
handwritten,"""протокол допиту"" filetype:pdf",https://axellegal.com.ua/wp-content/uploads/2026/04/rekomendaczyy_advokata_y_obrazecz_protokola_doprosa.pdf
handwritten,"""протокол допиту"" filetype:pdf",https://ksud.cnu.edu.ua/wp-content/uploads/sites/84/2020/01/Кримінально-процесуальні-документи-1.pdf
handwritten,"""протокол допиту"" filetype:pdf",https://npu.ua/wp-content/uploads/2025/06/dopyt.pdf
handwritten,"""протокол допиту"" filetype:pdf",https://oldiplus.ua/files/contents/286.pdf
handwritten,"""пояснення"" ""від руки"" filetype:pdf",https://vidchui.org/wp-content/uploads/2024/11/Polozhennya_Konkurs_POLIT_DO_ZNAN.pdf
handwritten,"""пояснення"" ""від руки"" filetype:pdf",https://knu.ua/pdfs/official/Instrukciya-z-dilovodstva-2024.pdf
handwritten,"""пояснення"" ""від руки"" filetype:pdf",https://sprotyvg7.com.ua/wp-content/uploads/2022/04/ВКДП-53-0001.02-Тимчасовий-порядок-оформлення-оперативних-бойових-документів.pdf
handwritten,"""пояснення"" ""від руки"" filetype:pdf",https://ecopy.posibnyky.vntu.edu.ua/txt/2018/Abramchuk_praktykum_z_ukt_movy_p029.pdf
handwritten,"""пояснення"" ""від руки"" filetype:pdf",https://fpk.in.ua/images/biblioteka/2FMB_Pravo/Shevchuk_Dilove_movlennya1728619156.pdf
handwritten,"""пояснення"" ""від руки"" filetype:pdf",https://rp.gov.ua/upload-files/About/RegulatoryDoc/DSK_v2.pdf
editable_docs,"""договір"" filetype:docx",https://antares-apart.com.ua/userfiles/file/договір+оферти_ANTARES.pdf
